time_ns,clk,reset,sw,hsync,vsync,led,vgaR,vgaG,vgaB,pix_en,video_on,x,y
33600195.000,1,0,5,1,1,6,15,15,15,1,1,0,0
33632195.000,1,0,5,1,1,6,15,15,15,1,1,0,1
33664195.000,1,0,5,1,1,6,15,15,15,1,1,0,2
33696195.000,1,0,5,1,1,6,15,15,15,1,1,0,3
33728195.000,1,0,5,1,1,6,15,15,15,1,1,0,4
33760195.000,1,0,5,1,1,6,15,15,15,1,1,0,5
33792195.000,1,0,5,1,1,6,15,15,15,1,1,0,6
33824195.000,1,0,5,1,1,6,15,15,15,1,1,0,7
33856195.000,1,0,5,1,1,6,15,15,15,1,1,0,8
33888195.000,1,0,5,1,1,6,15,15,15,1,1,0,9
33920195.000,1,0,5,1,1,6,15,15,15,1,1,0,10
33952195.000,1,0,5,1,1,6,15,15,15,1,1,0,11
33984195.000,1,0,5,1,1,6,15,15,15,1,1,0,12
34016195.000,1,0,5,1,1,6,15,15,15,1,1,0,13
34048195.000,1,0,5,1,1,6,15,15,15,1,1,0,14
34080195.000,1,0,5,1,1,6,15,15,15,1,1,0,15
34112195.000,1,0,5,1,1,6,15,15,15,1,1,0,16
34144195.000,1,0,5,1,1,6,15,15,15,1,1,0,17
34176195.000,1,0,5,1,1,6,15,15,15,1,1,0,18
34208195.000,1,0,5,1,1,6,15,15,15,1,1,0,19
34240195.000,1,0,5,1,1,6,15,15,15,1,1,0,20
34272195.000,1,0,5,1,1,6,15,15,15,1,1,0,21
34304195.000,1,0,5,1,1,6,15,15,15,1,1,0,22
34336195.000,1,0,5,1,1,6,15,15,15,1,1,0,23
34368195.000,1,0,5,1,1,6,15,15,15,1,1,0,24
34400195.000,1,0,5,1,1,6,15,15,15,1,1,0,25
34432195.000,1,0,5,1,1,6,15,15,15,1,1,0,26
34464195.000,1,0,5,1,1,6,15,15,15,1,1,0,27
34496195.000,1,0,5,1,1,6,15,15,15,1,1,0,28
34528195.000,1,0,5,1,1,6,15,15,15,1,1,0,29
34560195.000,1,0,5,1,1,6,15,15,15,1,1,0,30
34592195.000,1,0,5,1,1,6,15,15,15,1,1,0,31
34624195.000,1,0,5,1,1,6,15,15,15,1,1,0,32
34656195.000,1,0,5,1,1,6,15,15,15,1,1,0,33
34688195.000,1,0,5,1,1,6,15,15,15,1,1,0,34
34720195.000,1,0,5,1,1,6,15,15,15,1,1,0,35
34752195.000,1,0,5,1,1,6,15,15,15,1,1,0,36
34784195.000,1,0,5,1,1,6,15,15,15,1,1,0,37
34816195.000,1,0,5,1,1,6,15,15,15,1,1,0,38
34848195.000,1,0,5,1,1,6,15,15,15,1,1,0,39
34880195.000,1,0,5,1,1,6,15,15,15,1,1,0,40
34912195.000,1,0,5,1,1,6,15,15,15,1,1,0,41
34944195.000,1,0,5,1,1,6,15,15,15,1,1,0,42
34976195.000,1,0,5,1,1,6,15,15,15,1,1,0,43
35008195.000,1,0,5,1,1,6,15,15,15,1,1,0,44
35040195.000,1,0,5,1,1,6,15,15,15,1,1,0,45
35072195.000,1,0,5,1,1,6,15,15,15,1,1,0,46
35104195.000,1,0,5,1,1,6,15,15,15,1,1,0,47
35136195.000,1,0,5,1,1,6,15,15,15,1,1,0,48
35168195.000,1,0,5,1,1,6,15,15,15,1,1,0,49
35200195.000,1,0,5,1,1,6,15,15,15,1,1,0,50
35232195.000,1,0,5,1,1,6,15,15,15,1,1,0,51
35264195.000,1,0,5,1,1,6,15,15,15,1,1,0,52
35296195.000,1,0,5,1,1,6,15,15,15,1,1,0,53
35328195.000,1,0,5,1,1,6,15,15,15,1,1,0,54
35360195.000,1,0,5,1,1,6,15,15,15,1,1,0,55
35392195.000,1,0,5,1,1,6,15,15,15,1,1,0,56
35424195.000,1,0,5,1,1,6,15,15,15,1,1,0,57
35456195.000,1,0,5,1,1,6,15,15,15,1,1,0,58
35488195.000,1,0,5,1,1,6,15,15,15,1,1,0,59
35520195.000,1,0,5,1,1,6,15,15,15,1,1,0,60
35552195.000,1,0,5,1,1,6,15,15,15,1,1,0,61
35584195.000,1,0,5,1,1,6,15,15,15,1,1,0,62
35616195.000,1,0,5,1,1,6,15,15,15,1,1,0,63
35648195.000,1,0,5,1,1,6,15,15,15,1,1,0,64
35680195.000,1,0,5,1,1,6,15,15,15,1,1,0,65
35712195.000,1,0,5,1,1,6,15,15,15,1,1,0,66
35744195.000,1,0,5,1,1,6,15,15,15,1,1,0,67
35776195.000,1,0,5,1,1,6,15,15,15,1,1,0,68
35808195.000,1,0,5,1,1,6,15,15,15,1,1,0,69
35840195.000,1,0,5,1,1,6,15,15,15,1,1,0,70
35872195.000,1,0,5,1,1,6,15,15,15,1,1,0,71
35904195.000,1,0,5,1,1,6,15,15,15,1,1,0,72
35936195.000,1,0,5,1,1,6,15,15,15,1,1,0,73
35968195.000,1,0,5,1,1,6,15,15,15,1,1,0,74
36000195.000,1,0,5,1,1,6,15,15,15,1,1,0,75
36032195.000,1,0,5,1,1,6,15,15,15,1,1,0,76
36064195.000,1,0,5,1,1,6,15,15,15,1,1,0,77
36096195.000,1,0,5,1,1,6,15,15,15,1,1,0,78
36128195.000,1,0,5,1,1,6,15,15,15,1,1,0,79
36160195.000,1,0,5,1,1,6,15,15,15,1,1,0,80
36192195.000,1,0,5,1,1,6,15,15,15,1,1,0,81
36224195.000,1,0,5,1,1,6,15,15,15,1,1,0,82
36256195.000,1,0,5,1,1,6,15,15,15,1,1,0,83
36288195.000,1,0,5,1,1,6,15,15,15,1,1,0,84
36320195.000,1,0,5,1,1,6,15,15,15,1,1,0,85
36352195.000,1,0,5,1,1,6,15,15,15,1,1,0,86
36384195.000,1,0,5,1,1,6,15,15,15,1,1,0,87
36416195.000,1,0,5,1,1,6,15,15,15,1,1,0,88
36448195.000,1,0,5,1,1,6,15,15,15,1,1,0,89
36480195.000,1,0,5,1,1,6,15,15,15,1,1,0,90
36512195.000,1,0,5,1,1,6,15,15,15,1,1,0,91
36544195.000,1,0,5,1,1,6,15,15,15,1,1,0,92
36576195.000,1,0,5,1,1,6,15,15,15,1,1,0,93
36608195.000,1,0,5,1,1,6,15,15,15,1,1,0,94
36640195.000,1,0,5,1,1,6,15,15,15,1,1,0,95
36672195.000,1,0,5,1,1,6,15,15,15,1,1,0,96
36704195.000,1,0,5,1,1,6,15,15,15,1,1,0,97
36736195.000,1,0,5,1,1,6,15,15,15,1,1,0,98
36768195.000,1,0,5,1,1,6,15,15,15,1,1,0,99
36800195.000,1,0,5,1,1,6,15,15,15,1,1,0,100
36832195.000,1,0,5,1,1,6,15,15,15,1,1,0,101
36864195.000,1,0,5,1,1,6,15,15,15,1,1,0,102
36896195.000,1,0,5,1,1,6,15,15,15,1,1,0,103
36928195.000,1,0,5,1,1,6,15,15,15,1,1,0,104
36960195.000,1,0,5,1,1,6,15,15,15,1,1,0,105
36992195.000,1,0,5,1,1,6,15,15,15,1,1,0,106
37024195.000,1,0,5,1,1,6,15,15,15,1,1,0,107
37056195.000,1,0,5,1,1,6,15,15,15,1,1,0,108
37088195.000,1,0,5,1,1,6,15,15,15,1,1,0,109
37120195.000,1,0,5,1,1,6,15,15,15,1,1,0,110
37152195.000,1,0,5,1,1,6,15,15,15,1,1,0,111
37184195.000,1,0,5,1,1,6,15,15,15,1,1,0,112
37216195.000,1,0,5,1,1,6,15,15,15,1,1,0,113
37248195.000,1,0,5,1,1,6,15,15,15,1,1,0,114
37280195.000,1,0,5,1,1,6,15,15,15,1,1,0,115
37312195.000,1,0,5,1,1,6,15,15,15,1,1,0,116
37344195.000,1,0,5,1,1,6,15,15,15,1,1,0,117
37376195.000,1,0,5,1,1,6,15,15,15,1,1,0,118
37408195.000,1,0,5,1,1,6,15,15,15,1,1,0,119
37440195.000,1,0,5,1,1,6,15,15,15,1,1,0,120
37472195.000,1,0,5,1,1,6,15,15,15,1,1,0,121
37504195.000,1,0,5,1,1,6,15,15,15,1,1,0,122
37536195.000,1,0,5,1,1,6,15,15,15,1,1,0,123
37568195.000,1,0,5,1,1,6,15,15,15,1,1,0,124
37600195.000,1,0,5,1,1,6,15,15,15,1,1,0,125
37632195.000,1,0,5,1,1,6,15,15,15,1,1,0,126
37664195.000,1,0,5,1,1,6,15,15,15,1,1,0,127
37696195.000,1,0,5,1,1,6,15,15,15,1,1,0,128
37728195.000,1,0,5,1,1,6,15,15,15,1,1,0,129
37760195.000,1,0,5,1,1,6,15,15,15,1,1,0,130
37792195.000,1,0,5,1,1,6,15,15,15,1,1,0,131
37824195.000,1,0,5,1,1,6,15,15,15,1,1,0,132
37856195.000,1,0,5,1,1,6,15,15,15,1,1,0,133
37888195.000,1,0,5,1,1,6,15,15,15,1,1,0,134
37920195.000,1,0,5,1,1,6,15,15,15,1,1,0,135
37952195.000,1,0,5,1,1,6,15,15,15,1,1,0,136
37984195.000,1,0,5,1,1,6,15,15,15,1,1,0,137
38016195.000,1,0,5,1,1,6,15,15,15,1,1,0,138
38048195.000,1,0,5,1,1,6,15,15,15,1,1,0,139
38080195.000,1,0,5,1,1,6,15,15,15,1,1,0,140
38112195.000,1,0,5,1,1,6,15,15,15,1,1,0,141
38144195.000,1,0,5,1,1,6,15,15,15,1,1,0,142
38176195.000,1,0,5,1,1,6,15,15,15,1,1,0,143
38208195.000,1,0,5,1,1,6,15,15,15,1,1,0,144
38240195.000,1,0,5,1,1,6,15,15,15,1,1,0,145
38272195.000,1,0,5,1,1,6,15,15,15,1,1,0,146
38304195.000,1,0,5,1,1,6,15,15,15,1,1,0,147
38336195.000,1,0,5,1,1,6,15,15,15,1,1,0,148
38368195.000,1,0,5,1,1,6,15,15,15,1,1,0,149
38400195.000,1,0,5,1,1,6,15,15,15,1,1,0,150
38432195.000,1,0,5,1,1,6,15,15,15,1,1,0,151
38464195.000,1,0,5,1,1,6,15,15,15,1,1,0,152
38496195.000,1,0,5,1,1,6,15,15,15,1,1,0,153
38528195.000,1,0,5,1,1,6,15,15,15,1,1,0,154
38560195.000,1,0,5,1,1,6,15,15,15,1,1,0,155
38592195.000,1,0,5,1,1,6,15,15,15,1,1,0,156
38624195.000,1,0,5,1,1,6,15,15,15,1,1,0,157
38656195.000,1,0,5,1,1,6,15,15,15,1,1,0,158
38688195.000,1,0,5,1,1,6,15,15,15,1,1,0,159
38720195.000,1,0,5,1,1,6,15,15,15,1,1,0,160
38752195.000,1,0,5,1,1,6,15,15,15,1,1,0,161
38784195.000,1,0,5,1,1,6,15,15,15,1,1,0,162
38816195.000,1,0,5,1,1,6,15,15,15,1,1,0,163
38848195.000,1,0,5,1,1,6,15,15,15,1,1,0,164
38880195.000,1,0,5,1,1,6,15,15,15,1,1,0,165
38912195.000,1,0,5,1,1,6,15,15,15,1,1,0,166
38944195.000,1,0,5,1,1,6,15,15,15,1,1,0,167
38976195.000,1,0,5,1,1,6,15,15,15,1,1,0,168
39008195.000,1,0,5,1,1,6,15,15,15,1,1,0,169
39040195.000,1,0,5,1,1,6,15,15,15,1,1,0,170
39072195.000,1,0,5,1,1,6,15,15,15,1,1,0,171
39104195.000,1,0,5,1,1,6,15,15,15,1,1,0,172
39136195.000,1,0,5,1,1,6,15,15,15,1,1,0,173
39168195.000,1,0,5,1,1,6,15,15,15,1,1,0,174
39200195.000,1,0,5,1,1,6,15,15,15,1,1,0,175
39232195.000,1,0,5,1,1,6,15,15,15,1,1,0,176
39264195.000,1,0,5,1,1,6,15,15,15,1,1,0,177
39296195.000,1,0,5,1,1,6,15,15,15,1,1,0,178
39328195.000,1,0,5,1,1,6,15,15,15,1,1,0,179
39360195.000,1,0,5,1,1,6,15,15,15,1,1,0,180
39392195.000,1,0,5,1,1,6,15,15,15,1,1,0,181
39424195.000,1,0,5,1,1,6,15,15,15,1,1,0,182
39456195.000,1,0,5,1,1,6,15,15,15,1,1,0,183
39488195.000,1,0,5,1,1,6,15,15,15,1,1,0,184
39520195.000,1,0,5,1,1,6,15,15,15,1,1,0,185
39552195.000,1,0,5,1,1,6,15,15,15,1,1,0,186
39584195.000,1,0,5,1,1,6,15,15,15,1,1,0,187
39616195.000,1,0,5,1,1,6,15,15,15,1,1,0,188
39648195.000,1,0,5,1,1,6,15,15,15,1,1,0,189
39680195.000,1,0,5,1,1,6,15,15,15,1,1,0,190
39712195.000,1,0,5,1,1,6,15,15,15,1,1,0,191
39744195.000,1,0,5,1,1,6,15,15,15,1,1,0,192
39776195.000,1,0,5,1,1,6,15,15,15,1,1,0,193
39808195.000,1,0,5,1,1,6,15,15,15,1,1,0,194
39840195.000,1,0,5,1,1,6,15,15,15,1,1,0,195
39872195.000,1,0,5,1,1,6,15,15,15,1,1,0,196
39904195.000,1,0,5,1,1,6,15,15,15,1,1,0,197
39936195.000,1,0,5,1,1,6,15,15,15,1,1,0,198
39968195.000,1,0,5,1,1,6,15,15,15,1,1,0,199
40000195.000,1,0,5,1,1,6,15,15,15,1,1,0,200
40032195.000,1,0,5,1,1,6,15,15,15,1,1,0,201
40064195.000,1,0,5,1,1,6,15,15,15,1,1,0,202
40096195.000,1,0,5,1,1,6,15,15,15,1,1,0,203
40128195.000,1,0,5,1,1,6,15,15,15,1,1,0,204
40160195.000,1,0,5,1,1,6,15,15,15,1,1,0,205
40192195.000,1,0,5,1,1,6,15,15,15,1,1,0,206
40224195.000,1,0,5,1,1,6,15,15,15,1,1,0,207
40256195.000,1,0,5,1,1,6,15,15,15,1,1,0,208
40288195.000,1,0,5,1,1,6,15,15,15,1,1,0,209
40320195.000,1,0,5,1,1,6,15,15,15,1,1,0,210
40352195.000,1,0,5,1,1,6,15,15,15,1,1,0,211
40384195.000,1,0,5,1,1,6,15,15,15,1,1,0,212
40416195.000,1,0,5,1,1,6,15,15,15,1,1,0,213
40448195.000,1,0,5,1,1,6,15,15,15,1,1,0,214
40480195.000,1,0,5,1,1,6,15,15,15,1,1,0,215
40512195.000,1,0,5,1,1,6,15,15,15,1,1,0,216
40544195.000,1,0,5,1,1,6,15,15,15,1,1,0,217
40576195.000,1,0,5,1,1,6,15,15,15,1,1,0,218
40608195.000,1,0,5,1,1,6,15,15,15,1,1,0,219
40640195.000,1,0,5,1,1,6,15,15,15,1,1,0,220
40672195.000,1,0,5,1,1,6,15,15,15,1,1,0,221
40704195.000,1,0,5,1,1,6,15,15,15,1,1,0,222
40736195.000,1,0,5,1,1,6,15,15,15,1,1,0,223
40768195.000,1,0,5,1,1,6,15,15,15,1,1,0,224
40800195.000,1,0,5,1,1,6,15,15,15,1,1,0,225
40832195.000,1,0,5,1,1,6,15,15,15,1,1,0,226
40864195.000,1,0,5,1,1,6,15,15,15,1,1,0,227
40896195.000,1,0,5,1,1,6,15,15,15,1,1,0,228
40928195.000,1,0,5,1,1,6,15,15,15,1,1,0,229
40960195.000,1,0,5,1,1,6,15,15,15,1,1,0,230
40992195.000,1,0,5,1,1,6,15,15,15,1,1,0,231
41024195.000,1,0,5,1,1,6,15,15,15,1,1,0,232
41056195.000,1,0,5,1,1,6,15,15,15,1,1,0,233
41088195.000,1,0,5,1,1,6,15,15,15,1,1,0,234
41120195.000,1,0,5,1,1,6,15,15,15,1,1,0,235
41152195.000,1,0,5,1,1,6,15,15,15,1,1,0,236
41184195.000,1,0,5,1,1,6,15,15,15,1,1,0,237
41216195.000,1,0,5,1,1,6,15,15,15,1,1,0,238
41248195.000,1,0,5,1,1,6,15,15,15,1,1,0,239
41280195.000,1,0,5,1,1,6,15,15,15,1,1,0,240
41312195.000,1,0,5,1,1,6,15,15,15,1,1,0,241
41344195.000,1,0,5,1,1,6,15,15,15,1,1,0,242
41376195.000,1,0,5,1,1,6,15,15,15,1,1,0,243
41408195.000,1,0,5,1,1,6,15,15,15,1,1,0,244
41440195.000,1,0,5,1,1,6,15,15,15,1,1,0,245
41472195.000,1,0,5,1,1,6,15,15,15,1,1,0,246
41504195.000,1,0,5,1,1,6,15,15,15,1,1,0,247
41536195.000,1,0,5,1,1,6,15,15,15,1,1,0,248
41568195.000,1,0,5,1,1,6,15,15,15,1,1,0,249
41600195.000,1,0,5,1,1,6,15,15,15,1,1,0,250
41632195.000,1,0,5,1,1,6,15,15,15,1,1,0,251
41664195.000,1,0,5,1,1,6,15,15,15,1,1,0,252
41696195.000,1,0,5,1,1,6,15,15,15,1,1,0,253
41728195.000,1,0,5,1,1,6,15,15,15,1,1,0,254
41760195.000,1,0,5,1,1,6,15,15,15,1,1,0,255
41792195.000,1,0,5,1,1,6,15,15,15,1,1,0,256
41824195.000,1,0,5,1,1,6,15,15,15,1,1,0,257
41856195.000,1,0,5,1,1,6,15,15,15,1,1,0,258
41888195.000,1,0,5,1,1,6,15,15,15,1,1,0,259
41920195.000,1,0,5,1,1,6,15,15,15,1,1,0,260
41952195.000,1,0,5,1,1,6,15,15,15,1,1,0,261
41984195.000,1,0,5,1,1,6,15,15,15,1,1,0,262
42016195.000,1,0,5,1,1,6,15,15,15,1,1,0,263
42048195.000,1,0,5,1,1,6,15,15,15,1,1,0,264
42080195.000,1,0,5,1,1,6,15,15,15,1,1,0,265
42112195.000,1,0,5,1,1,6,15,15,15,1,1,0,266
42144195.000,1,0,5,1,1,6,15,15,15,1,1,0,267
42176195.000,1,0,5,1,1,6,15,15,15,1,1,0,268
42208195.000,1,0,5,1,1,6,15,15,15,1,1,0,269
42240195.000,1,0,5,1,1,6,15,15,15,1,1,0,270
42272195.000,1,0,5,1,1,6,15,15,15,1,1,0,271
42304195.000,1,0,5,1,1,6,15,15,15,1,1,0,272
42336195.000,1,0,5,1,1,6,15,15,15,1,1,0,273
42368195.000,1,0,5,1,1,6,15,15,15,1,1,0,274
42400195.000,1,0,5,1,1,6,15,15,15,1,1,0,275
42432195.000,1,0,5,1,1,6,15,15,15,1,1,0,276
42464195.000,1,0,5,1,1,6,15,15,15,1,1,0,277
42496195.000,1,0,5,1,1,6,15,15,15,1,1,0,278
42528195.000,1,0,5,1,1,6,15,15,15,1,1,0,279
42560195.000,1,0,5,1,1,6,15,15,15,1,1,0,280
42592195.000,1,0,5,1,1,6,15,15,15,1,1,0,281
42624195.000,1,0,5,1,1,6,15,15,15,1,1,0,282
42656195.000,1,0,5,1,1,6,15,15,15,1,1,0,283
42688195.000,1,0,5,1,1,6,15,15,15,1,1,0,284
42720195.000,1,0,5,1,1,6,15,15,15,1,1,0,285
42752195.000,1,0,5,1,1,6,15,15,15,1,1,0,286
42784195.000,1,0,5,1,1,6,15,15,15,1,1,0,287
42816195.000,1,0,5,1,1,6,15,15,15,1,1,0,288
42848195.000,1,0,5,1,1,6,15,15,15,1,1,0,289
42880195.000,1,0,5,1,1,6,15,15,15,1,1,0,290
42912195.000,1,0,5,1,1,6,15,15,15,1,1,0,291
42944195.000,1,0,5,1,1,6,15,15,15,1,1,0,292
42976195.000,1,0,5,1,1,6,15,15,15,1,1,0,293
43008195.000,1,0,5,1,1,6,15,15,15,1,1,0,294
43040195.000,1,0,5,1,1,6,15,15,15,1,1,0,295
43072195.000,1,0,5,1,1,6,15,15,15,1,1,0,296
43104195.000,1,0,5,1,1,6,15,15,15,1,1,0,297
43136195.000,1,0,5,1,1,6,15,15,15,1,1,0,298
43168195.000,1,0,5,1,1,6,15,15,15,1,1,0,299
43200195.000,1,0,5,1,1,6,15,15,15,1,1,0,300
43232195.000,1,0,5,1,1,6,15,15,15,1,1,0,301
43264195.000,1,0,5,1,1,6,15,15,15,1,1,0,302
43296195.000,1,0,5,1,1,6,15,15,15,1,1,0,303
43328195.000,1,0,5,1,1,6,15,15,15,1,1,0,304
43360195.000,1,0,5,1,1,6,15,15,15,1,1,0,305
43392195.000,1,0,5,1,1,6,15,15,15,1,1,0,306
43424195.000,1,0,5,1,1,6,15,15,15,1,1,0,307
43456195.000,1,0,5,1,1,6,15,15,15,1,1,0,308
43488195.000,1,0,5,1,1,6,15,15,15,1,1,0,309
43520195.000,1,0,5,1,1,6,15,15,15,1,1,0,310
43552195.000,1,0,5,1,1,6,15,15,15,1,1,0,311
43584195.000,1,0,5,1,1,6,15,15,15,1,1,0,312
43616195.000,1,0,5,1,1,6,15,15,15,1,1,0,313
43648195.000,1,0,5,1,1,6,15,15,15,1,1,0,314
43680195.000,1,0,5,1,1,6,15,15,15,1,1,0,315
43712195.000,1,0,5,1,1,6,15,15,15,1,1,0,316
43744195.000,1,0,5,1,1,6,15,15,15,1,1,0,317
43776195.000,1,0,5,1,1,6,15,15,15,1,1,0,318
43808195.000,1,0,5,1,1,6,15,15,15,1,1,0,319
43840195.000,1,0,5,1,1,6,15,15,15,1,1,0,320
43872195.000,1,0,5,1,1,6,15,15,15,1,1,0,321
43904195.000,1,0,5,1,1,6,15,15,15,1,1,0,322
43936195.000,1,0,5,1,1,6,15,15,15,1,1,0,323
43968195.000,1,0,5,1,1,6,15,15,15,1,1,0,324
44000195.000,1,0,5,1,1,6,15,15,15,1,1,0,325
44032195.000,1,0,5,1,1,6,15,15,15,1,1,0,326
44064195.000,1,0,5,1,1,6,15,15,15,1,1,0,327
44096195.000,1,0,5,1,1,6,15,15,15,1,1,0,328
44128195.000,1,0,5,1,1,6,15,15,15,1,1,0,329
44160195.000,1,0,5,1,1,6,15,15,15,1,1,0,330
44192195.000,1,0,5,1,1,6,15,15,15,1,1,0,331
44224195.000,1,0,5,1,1,6,15,15,15,1,1,0,332
44256195.000,1,0,5,1,1,6,15,15,15,1,1,0,333
44288195.000,1,0,5,1,1,6,15,15,15,1,1,0,334
44320195.000,1,0,5,1,1,6,15,15,15,1,1,0,335
44352195.000,1,0,5,1,1,6,15,15,15,1,1,0,336
44384195.000,1,0,5,1,1,6,15,15,15,1,1,0,337
44416195.000,1,0,5,1,1,6,15,15,15,1,1,0,338
44448195.000,1,0,5,1,1,6,15,15,15,1,1,0,339
44480195.000,1,0,5,1,1,6,15,15,15,1,1,0,340
44512195.000,1,0,5,1,1,6,15,15,15,1,1,0,341
44544195.000,1,0,5,1,1,6,15,15,15,1,1,0,342
44576195.000,1,0,5,1,1,6,15,15,15,1,1,0,343
44608195.000,1,0,5,1,1,6,15,15,15,1,1,0,344
44640195.000,1,0,5,1,1,6,15,15,15,1,1,0,345
44672195.000,1,0,5,1,1,6,15,15,15,1,1,0,346
44704195.000,1,0,5,1,1,6,15,15,15,1,1,0,347
44736195.000,1,0,5,1,1,6,15,15,15,1,1,0,348
44768195.000,1,0,5,1,1,6,15,15,15,1,1,0,349
44800195.000,1,0,5,1,1,6,15,15,15,1,1,0,350
44832195.000,1,0,5,1,1,6,15,15,15,1,1,0,351
44864195.000,1,0,5,1,1,6,15,15,15,1,1,0,352
44896195.000,1,0,5,1,1,6,15,15,15,1,1,0,353
44928195.000,1,0,5,1,1,6,15,15,15,1,1,0,354
44960195.000,1,0,5,1,1,6,15,15,15,1,1,0,355
44992195.000,1,0,5,1,1,6,15,15,15,1,1,0,356
45024195.000,1,0,5,1,1,6,15,15,15,1,1,0,357
45056195.000,1,0,5,1,1,6,15,15,15,1,1,0,358
45088195.000,1,0,5,1,1,6,15,15,15,1,1,0,359
45120195.000,1,0,5,1,1,6,15,15,15,1,1,0,360
45152195.000,1,0,5,1,1,6,15,15,15,1,1,0,361
45184195.000,1,0,5,1,1,6,15,15,15,1,1,0,362
45216195.000,1,0,5,1,1,6,15,15,15,1,1,0,363
45248195.000,1,0,5,1,1,6,15,15,15,1,1,0,364
45280195.000,1,0,5,1,1,6,15,15,15,1,1,0,365
45312195.000,1,0,5,1,1,6,15,15,15,1,1,0,366
45344195.000,1,0,5,1,1,6,15,15,15,1,1,0,367
45376195.000,1,0,5,1,1,6,15,15,15,1,1,0,368
45408195.000,1,0,5,1,1,6,15,15,15,1,1,0,369
45440195.000,1,0,5,1,1,6,15,15,15,1,1,0,370
45472195.000,1,0,5,1,1,6,15,15,15,1,1,0,371
45504195.000,1,0,5,1,1,6,15,15,15,1,1,0,372
45536195.000,1,0,5,1,1,6,15,15,15,1,1,0,373
45568195.000,1,0,5,1,1,6,15,15,15,1,1,0,374
45600195.000,1,0,5,1,1,6,15,15,15,1,1,0,375
45632195.000,1,0,5,1,1,6,15,15,15,1,1,0,376
45664195.000,1,0,5,1,1,6,15,15,15,1,1,0,377
45696195.000,1,0,5,1,1,6,15,15,15,1,1,0,378
45728195.000,1,0,5,1,1,6,15,15,15,1,1,0,379
45760195.000,1,0,5,1,1,6,15,15,15,1,1,0,380
45792195.000,1,0,5,1,1,6,15,15,15,1,1,0,381
45824195.000,1,0,5,1,1,6,15,15,15,1,1,0,382
45856195.000,1,0,5,1,1,6,15,15,15,1,1,0,383
45888195.000,1,0,5,1,1,6,15,15,15,1,1,0,384
45920195.000,1,0,5,1,1,6,15,15,15,1,1,0,385
45952195.000,1,0,5,1,1,6,15,15,15,1,1,0,386
45984195.000,1,0,5,1,1,6,15,15,15,1,1,0,387
46016195.000,1,0,5,1,1,6,15,15,15,1,1,0,388
46048195.000,1,0,5,1,1,6,15,15,15,1,1,0,389
46080195.000,1,0,5,1,1,6,15,15,15,1,1,0,390
46112195.000,1,0,5,1,1,6,15,15,15,1,1,0,391
46144195.000,1,0,5,1,1,6,15,15,15,1,1,0,392
46176195.000,1,0,5,1,1,6,15,15,15,1,1,0,393
46208195.000,1,0,5,1,1,6,15,15,15,1,1,0,394
46240195.000,1,0,5,1,1,6,15,15,15,1,1,0,395
46272195.000,1,0,5,1,1,6,15,15,15,1,1,0,396
46304195.000,1,0,5,1,1,6,15,15,15,1,1,0,397
46336195.000,1,0,5,1,1,6,15,15,15,1,1,0,398
46368195.000,1,0,5,1,1,6,15,15,15,1,1,0,399
46400195.000,1,0,5,1,1,6,15,15,15,1,1,0,400
46432195.000,1,0,5,1,1,6,15,15,15,1,1,0,401
46464195.000,1,0,5,1,1,6,15,15,15,1,1,0,402
46496195.000,1,0,5,1,1,6,15,15,15,1,1,0,403
46528195.000,1,0,5,1,1,6,15,15,15,1,1,0,404
46560195.000,1,0,5,1,1,6,15,15,15,1,1,0,405
46592195.000,1,0,5,1,1,6,15,15,15,1,1,0,406
46624195.000,1,0,5,1,1,6,15,15,15,1,1,0,407
46656195.000,1,0,5,1,1,6,15,15,15,1,1,0,408
46688195.000,1,0,5,1,1,6,15,15,15,1,1,0,409
46720195.000,1,0,5,1,1,6,15,15,15,1,1,0,410
46752195.000,1,0,5,1,1,6,15,15,15,1,1,0,411
46784195.000,1,0,5,1,1,6,15,15,15,1,1,0,412
46816195.000,1,0,5,1,1,6,15,15,15,1,1,0,413
46848195.000,1,0,5,1,1,6,15,15,15,1,1,0,414
46880195.000,1,0,5,1,1,6,15,15,15,1,1,0,415
46912195.000,1,0,5,1,1,6,15,15,15,1,1,0,416
46944195.000,1,0,5,1,1,6,15,15,15,1,1,0,417
46976195.000,1,0,5,1,1,6,15,15,15,1,1,0,418
47008195.000,1,0,5,1,1,6,15,15,15,1,1,0,419
47040195.000,1,0,5,1,1,6,15,15,15,1,1,0,420
47072195.000,1,0,5,1,1,6,15,15,15,1,1,0,421
47104195.000,1,0,5,1,1,6,15,15,15,1,1,0,422
47136195.000,1,0,5,1,1,6,15,15,15,1,1,0,423
47168195.000,1,0,5,1,1,6,15,15,15,1,1,0,424
47200195.000,1,0,5,1,1,6,15,15,15,1,1,0,425
47232195.000,1,0,5,1,1,6,15,15,15,1,1,0,426
47264195.000,1,0,5,1,1,6,15,15,15,1,1,0,427
47296195.000,1,0,5,1,1,6,15,15,15,1,1,0,428
47328195.000,1,0,5,1,1,6,15,15,15,1,1,0,429
47360195.000,1,0,5,1,1,6,15,15,15,1,1,0,430
47392195.000,1,0,5,1,1,6,15,15,15,1,1,0,431
47424195.000,1,0,5,1,1,6,15,15,15,1,1,0,432
47456195.000,1,0,5,1,1,6,15,15,15,1,1,0,433
47488195.000,1,0,5,1,1,6,15,15,15,1,1,0,434
47520195.000,1,0,5,1,1,6,15,15,15,1,1,0,435
47552195.000,1,0,5,1,1,6,15,15,15,1,1,0,436
47584195.000,1,0,5,1,1,6,15,15,15,1,1,0,437
47616195.000,1,0,5,1,1,6,15,15,15,1,1,0,438
47648195.000,1,0,5,1,1,6,15,15,15,1,1,0,439
47680195.000,1,0,5,1,1,6,15,15,15,1,1,0,440
47712195.000,1,0,5,1,1,6,15,15,15,1,1,0,441
47744195.000,1,0,5,1,1,6,15,15,15,1,1,0,442
47776195.000,1,0,5,1,1,6,15,15,15,1,1,0,443
47808195.000,1,0,5,1,1,6,15,15,15,1,1,0,444
47840195.000,1,0,5,1,1,6,15,15,15,1,1,0,445
47872195.000,1,0,5,1,1,6,15,15,15,1,1,0,446
47904195.000,1,0,5,1,1,6,15,15,15,1,1,0,447
47936195.000,1,0,5,1,1,6,15,15,15,1,1,0,448
47968195.000,1,0,5,1,1,6,15,15,15,1,1,0,449
48000195.000,1,0,5,1,1,6,15,15,15,1,1,0,450
48032195.000,1,0,5,1,1,6,15,15,15,1,1,0,451
48064195.000,1,0,5,1,1,6,15,15,15,1,1,0,452
48096195.000,1,0,5,1,1,6,15,15,15,1,1,0,453
48128195.000,1,0,5,1,1,6,15,15,15,1,1,0,454
48160195.000,1,0,5,1,1,6,15,15,15,1,1,0,455
48192195.000,1,0,5,1,1,6,15,15,15,1,1,0,456
48224195.000,1,0,5,1,1,6,15,15,15,1,1,0,457
48256195.000,1,0,5,1,1,6,15,15,15,1,1,0,458
48288195.000,1,0,5,1,1,6,15,15,15,1,1,0,459
48320195.000,1,0,5,1,1,6,15,15,15,1,1,0,460
48352195.000,1,0,5,1,1,6,15,15,15,1,1,0,461
48384195.000,1,0,5,1,1,6,15,15,15,1,1,0,462
48416195.000,1,0,5,1,1,6,15,15,15,1,1,0,463
48448195.000,1,0,5,1,1,6,15,15,15,1,1,0,464
48480195.000,1,0,5,1,1,6,15,15,15,1,1,0,465
48512195.000,1,0,5,1,1,6,15,15,15,1,1,0,466
48544195.000,1,0,5,1,1,6,15,15,15,1,1,0,467
48576195.000,1,0,5,1,1,6,15,15,15,1,1,0,468
48608195.000,1,0,5,1,1,6,15,15,15,1,1,0,469
48640195.000,1,0,5,1,1,6,15,15,15,1,1,0,470
48672195.000,1,0,5,1,1,6,15,15,15,1,1,0,471
48704195.000,1,0,5,1,1,6,15,15,15,1,1,0,472
48736195.000,1,0,5,1,1,6,15,15,15,1,1,0,473
48768195.000,1,0,5,1,1,6,15,15,15,1,1,0,474
48800195.000,1,0,5,1,1,6,15,15,15,1,1,0,475
48832195.000,1,0,5,1,1,6,15,15,15,1,1,0,476
48864195.000,1,0,5,1,1,6,15,15,15,1,1,0,477
48896195.000,1,0,5,1,1,6,15,15,15,1,1,0,478
48928195.000,1,0,5,1,1,6,15,15,15,1,1,0,479
48960195.000,1,0,5,1,1,0,0,0,0,1,0,0,480
48992195.000,1,0,5,1,1,0,0,0,0,1,0,0,481
49024195.000,1,0,5,1,1,0,0,0,0,1,0,0,482
49056195.000,1,0,5,1,1,0,0,0,0,1,0,0,483
49088195.000,1,0,5,1,1,0,0,0,0,1,0,0,484
49120195.000,1,0,5,1,1,0,0,0,0,1,0,0,485
49152195.000,1,0,5,1,1,0,0,0,0,1,0,0,486
49184195.000,1,0,5,1,1,0,0,0,0,1,0,0,487
49216195.000,1,0,5,1,1,0,0,0,0,1,0,0,488
49248195.000,1,0,5,1,1,0,0,0,0,1,0,0,489
49280195.000,1,0,5,1,0,0,0,0,0,1,0,0,490
49312195.000,1,0,5,1,0,0,0,0,0,1,0,0,491
49344195.000,1,0,5,1,1,0,0,0,0,1,0,0,492
49376195.000,1,0,5,1,1,0,0,0,0,1,0,0,493
49408195.000,1,0,5,1,1,0,0,0,0,1,0,0,494
49440195.000,1,0,5,1,1,0,0,0,0,1,0,0,495
49472195.000,1,0,5,1,1,0,0,0,0,1,0,0,496
49504195.000,1,0,5,1,1,0,0,0,0,1,0,0,497
49536195.000,1,0,5,1,1,0,0,0,0,1,0,0,498
49568195.000,1,0,5,1,1,0,0,0,0,1,0,0,499
49600195.000,1,0,5,1,1,0,0,0,0,1,0,0,500
49632195.000,1,0,5,1,1,0,0,0,0,1,0,0,501
49664195.000,1,0,5,1,1,0,0,0,0,1,0,0,502
49696195.000,1,0,5,1,1,0,0,0,0,1,0,0,503
49728195.000,1,0,5,1,1,0,0,0,0,1,0,0,504
49760195.000,1,0,5,1,1,0,0,0,0,1,0,0,505
49792195.000,1,0,5,1,1,0,0,0,0,1,0,0,506
49824195.000,1,0,5,1,1,0,0,0,0,1,0,0,507
49856195.000,1,0,5,1,1,0,0,0,0,1,0,0,508
49888195.000,1,0,5,1,1,0,0,0,0,1,0,0,509
49920195.000,1,0,5,1,1,0,0,0,0,1,0,0,510
49952195.000,1,0,5,1,1,0,0,0,0,1,0,0,511
49984195.000,1,0,5,1,1,0,0,0,0,1,0,0,512
50016195.000,1,0,5,1,1,0,0,0,0,1,0,0,513
50048195.000,1,0,5,1,1,0,0,0,0,1,0,0,514
50080195.000,1,0,5,1,1,0,0,0,0,1,0,0,515
50112195.000,1,0,5,1,1,0,0,0,0,1,0,0,516
50144195.000,1,0,5,1,1,0,0,0,0,1,0,0,517
50176195.000,1,0,5,1,1,0,0,0,0,1,0,0,518
50208195.000,1,0,5,1,1,0,0,0,0,1,0,0,519
50240195.000,1,0,5,1,1,0,0,0,0,1,0,0,520
50272195.000,1,0,5,1,1,0,0,0,0,1,0,0,521
50304195.000,1,0,5,1,1,0,0,0,0,1,0,0,522
50336195.000,1,0,5,1,1,0,0,0,0,1,0,0,523
50368195.000,1,0,5,1,1,0,0,0,0,1,0,0,524
50400195.000,1,0,5,1,1,6,15,15,15,1,1,0,0
